/****** Object:  Table [dbo].[__MigrationHistory]    Script Date: 2015-01-25 00:16:54 ******/
SET ANSI_NULLS ON
GO
SET QUOTED_IDENTIFIER ON
GO
SET ANSI_PADDING ON
GO
CREATE TABLE [dbo].[__MigrationHistory](
	[MigrationId] [nvarchar](150) NOT NULL,
	[ContextKey] [nvarchar](300) NOT NULL,
	[Model] [varbinary](max) NOT NULL,
	[ProductVersion] [nvarchar](32) NOT NULL,
 CONSTRAINT [PK_dbo.__MigrationHistory] PRIMARY KEY CLUSTERED 
(
	[MigrationId] ASC,
	[ContextKey] ASC
)WITH (PAD_INDEX = OFF, STATISTICS_NORECOMPUTE = OFF, IGNORE_DUP_KEY = OFF, ALLOW_ROW_LOCKS = ON, ALLOW_PAGE_LOCKS = ON) ON [PRIMARY]
) ON [PRIMARY] TEXTIMAGE_ON [PRIMARY]

GO
SET ANSI_PADDING OFF
GO
/****** Object:  Table [dbo].[Messages]    Script Date: 2015-01-25 00:16:54 ******/
SET ANSI_NULLS ON
GO
SET QUOTED_IDENTIFIER ON
GO
CREATE TABLE [dbo].[Messages](
	[Id] [int] IDENTITY(1,1) NOT NULL,
	[SenderUserId] [int] NOT NULL,
	[RecipientUserId] [int] NULL,
	[Content] [nvarchar](max) NULL,
	[CreatedAt] [datetime] NOT NULL,
 CONSTRAINT [PK_dbo.Messages] PRIMARY KEY CLUSTERED 
(
	[Id] ASC
)WITH (PAD_INDEX = OFF, STATISTICS_NORECOMPUTE = OFF, IGNORE_DUP_KEY = OFF, ALLOW_ROW_LOCKS = ON, ALLOW_PAGE_LOCKS = ON) ON [PRIMARY]
) ON [PRIMARY] TEXTIMAGE_ON [PRIMARY]

GO
/****** Object:  Table [dbo].[Roles]    Script Date: 2015-01-25 00:16:54 ******/
SET ANSI_NULLS ON
GO
SET QUOTED_IDENTIFIER ON
GO
CREATE TABLE [dbo].[Roles](
	[Id] [int] IDENTITY(1,1) NOT NULL,
	[RoleType] [int] NOT NULL,
 CONSTRAINT [PK_dbo.Roles] PRIMARY KEY CLUSTERED 
(
	[Id] ASC
)WITH (PAD_INDEX = OFF, STATISTICS_NORECOMPUTE = OFF, IGNORE_DUP_KEY = OFF, ALLOW_ROW_LOCKS = ON, ALLOW_PAGE_LOCKS = ON) ON [PRIMARY]
) ON [PRIMARY]

GO
/****** Object:  Table [dbo].[Users]    Script Date: 2015-01-25 00:16:54 ******/
SET ANSI_NULLS ON
GO
SET QUOTED_IDENTIFIER ON
GO
CREATE TABLE [dbo].[Users](
	[Id] [int] IDENTITY(1,1) NOT NULL,
	[Email] [nvarchar](max) NULL,
	[Password] [nvarchar](max) NULL,
	[Nickname] [nvarchar](max) NULL,
	[StatusMessage] [nvarchar](max) NULL,
 CONSTRAINT [PK_dbo.Users] PRIMARY KEY CLUSTERED 
(
	[Id] ASC
)WITH (PAD_INDEX = OFF, STATISTICS_NORECOMPUTE = OFF, IGNORE_DUP_KEY = OFF, ALLOW_ROW_LOCKS = ON, ALLOW_PAGE_LOCKS = ON) ON [PRIMARY]
) ON [PRIMARY] TEXTIMAGE_ON [PRIMARY]

GO
/****** Object:  Table [dbo].[UsersRoles]    Script Date: 2015-01-25 00:16:54 ******/
SET ANSI_NULLS ON
GO
SET QUOTED_IDENTIFIER ON
GO
CREATE TABLE [dbo].[UsersRoles](
	[Id] [int] IDENTITY(1,1) NOT NULL,
	[RoleId] [int] NOT NULL,
	[UserId] [int] NOT NULL,
 CONSTRAINT [PK_dbo.UsersRoles] PRIMARY KEY CLUSTERED 
(
	[Id] ASC
)WITH (PAD_INDEX = OFF, STATISTICS_NORECOMPUTE = OFF, IGNORE_DUP_KEY = OFF, ALLOW_ROW_LOCKS = ON, ALLOW_PAGE_LOCKS = ON) ON [PRIMARY]
) ON [PRIMARY]

GO
INSERT [dbo].[__MigrationHistory] ([MigrationId], [ContextKey], [Model], [ProductVersion]) VALUES (N'201501241545015_Init', N'Primavera.NET.Data.EntityFramework.UnitOfWork.DatabaseContext', 0x1F8B0800000000000400ED5BCD6EE33610BE17E83B083AB545D64AB29736B077913A4911741D077176DBDB82966887588A52452AB551F4C97AE823F5153AD43F49C992FCB349D3C55E628AFC869CF9381CCE70FFF9EBEFE1DB954FAD471C7112B0917D3238B62DCCDCC0236C39B263B178F5BDFDF6CDD75F0D2F3D7F657DC8FBBD96FD6024E323FB4188F0CC71B8FB807DC4073E71A380070B317003DF415EE09C1E1FFFE09C9C3818206CC0B2ACE15DCC04F171F2037E8E03E6E250C4884E020F539EB5C39759826ADD201FF310B97864DF46C447306134B8B9BC1F5C208106970026D6571174FA3D883E0DDE3322A68B5FE04FDB3AA704C12467982E6C0B31160824600967EF399E892860CB59080D88DEAF430CFD1688729C2DEDACECDE7595C7A772954E39308772632E02BF27E0C9EB4C6D8E3E7C2BE5DB855A41B1A9CEE4AA13E58EECCBC504738E963831816DE922CFC63492DD3B592035E340C53CB2DA471E151C032ACA7F47D638A6228EF088E1584448A2C4734ADC9FF1FA3EF884D988C5945697068B836F4A0334DD46418823B1BEC38B6CC1D79E6D39EA38471F580CAB8C499570CDC4EB53DBBA01E1684E71C19C8AC2662288F04F98C17A05F66E911038621203276B36A46BB266987938029E46ED523723DD61978404A4D6826D1E0B5B53C0C87C0CEC19F00CB63541AB77982DC5C3C8863F6DEB8AACB097B76493826D088E040689286E9DE338C2524BE785246007BE071FD1B2DAA15332B985DF7701DD2FB90BC02FCCEEC56CA93729AB201538E741D9B82F7B4BB6EFD5DE05E0177BF7B2F7A58F083DB807B9459C83E2BD830BBA21EE27867C7C704133507FCCB32374CFD27AEEA3BDFB4E05F4CB7EEAED3F778D09B68A2B6ED02359264BA899916DDD619A7CE40F24CCBCBA66E88F69C7AB28F0E55F06BB92EF1F67411CB992F0C1864EF7285A62D17D8A12A2D314D38ECD5394BF5AA79874AA9B62F3BE8BFDCAAE2B4FC36B7E45D1B2BC9AF4DA7ED976CBD1EAF6D9B6FB0A9C0B84A7740DCEA8CA21D51A13ECCF7194ADE9DCF309DC5C3E201AC3AF63C3744AE7D40A59DF135387A9B6AA8DE79C072E497452EFBA52F2A9322F996775616219A718FE7002DA2221E807AC3AB2BF3396D52222278922A211FEC4D6DDD7945D608A05B6CEDDF4623946DC459EB97941699EDA021E0F47D2E5200A613E075B13264CF748185C1F10EDB0086D6C47E72AE75648D1BF5CE050DE8398E860A62EE273DF694EA190A4A9AD4D4B43A7C2BC7E844C48DE952DAADF39082115AF6588F88F10B2BA88272064D54C5DC4E707F16720647AF2C81B3D8C283CAD3C04E688E3E4A6BF1235270C4C313B6478164AEA8492B8332C32C42C62E5B6559E750593D42C93414D1549AAB51EA6C2F7160CA9E07A8C0AA9BB60344F46DB801A58C51A25627D6054E9BA2980D2A9D2F1142B56A52EC8605EC713AB02578BA4F010BA6DA195340A68D78AE948BBBBD2DDB5A2B84D1DAE8756F2D8B0D8A1651EDC4913E179C2DC69C8980F27280C2122AB64D0B3166B96A6CFC7AF66FD93C77E8AE1B8BC26875CCCB69004B71BD8E1DA57994AF4F01589B8C83D8E6D8D3DDFE8A6FBA3869D994BD35C8E69B57CB7E603E4DF59C6A04F2941775DA66FCF04C0E0A52FCF87E49657A1431B4052EE4014453557CB7140639F351F58CDA3D534721547FDD21DD1482757418D8FDD718B547315AF68EC8153A69215A4B2D9C41A3A9AF58CD3D8209211CCA8C4EC44DBD4D71C92B3E5B1B40D61378C3E0C5BCB7BAF42AAA2F5D9582EF5ED87B45C199D6C63B90DA30F63B92CC95B05C89ABA639429DC2A4CD9DA1DA9CCD15691CAD61EFE534DC22A0E54FDF4BCB87978D7A246BDDB92F4495C8C716A3564059A51EACEBEE623EFA04430C246BD4B21BD081FB5307198856CEDAF2F8C182EED625BA09E47E2C9F86DB6E602FB297F66BFD13125C9F99D7798204616988B3495689F1E9F9C6AAF349ECF8B0987738FF67A36F1D9AB0D44EAB6B59ED0B33850F7F42011B49F87071A54A7E701EA3304F68822F70145DFF868F56D6F2CFDA981073FC5819E1ABC0C42E815FB76326C55A77F19CA52CADD3B31552F69EF04A697AD7702AB2D4DF740DCBAFCFC3228A25670131146D6F51A7CF06A64FF910C39B3AE7FFD988E3AB2A61178E733EBD8FA73C7B26F57C1E9A81E829BCCBB738DAE92657D828259630A70B782CC96658F4DB1F7A1CB1C2FB2D6D664CAFF1BB136651E9E05B19EBC6666A6B237D78FF4B2576B5D2CBD5641683A0F8002A99F2DCB6A2DD52AC51D6EAE9DD5C9A92FE698422A5B637371AD4E487D6DA45EC8E6D5683D1A85D52FEBF316E78C951879D61E75270D637311F299D5E29A16F0544AE8517A337325E05E2AFF9F053C1C27CB1242FEEF16865DC5B1147DAED922C8FD9B36A3BC8B16C14DB040706145E791200BE40AF8EC826348DE8466CFA52EFD39F6AED93416612C60C9D89F53E551A1F4939BE427F54575CEC36998BC9BDBC712609A44DEB9A7ECC79850AF98F7554D20D900211D70168F4B5B0A19972FD705D24DC03A0265EA2BCE8D7BEC8714C0F894CDD023DE666EC0C1777889DC759EF26A06693784AAF6E10541CB08F93CC328C7C34FE0B0E7AFDEFC0B228AB08FD6350000, N'6.1.2-31219')
SET IDENTITY_INSERT [dbo].[Roles] ON 

INSERT [dbo].[Roles] ([Id], [RoleType]) VALUES (1, 0)
INSERT [dbo].[Roles] ([Id], [RoleType]) VALUES (2, 1)
SET IDENTITY_INSERT [dbo].[Roles] OFF
SET IDENTITY_INSERT [dbo].[Users] ON 

INSERT [dbo].[Users] ([Id], [Email], [Password], [Nickname], [StatusMessage]) VALUES (1, N'admin@primavera.net', N'sZVHIK4eOQUF86Sk71b0lV/6LnvfzgGeK8R9zEgz1eTpflHVfFHVjhDpMqDbWTHTklCauTK+cXT/Tj/5Nk5Bxg==', N'admin', N'')
INSERT [dbo].[Users] ([Id], [Email], [Password], [Nickname], [StatusMessage]) VALUES (2, N'test1@primavera.net', N'vtKFLYkJ9mqAoHpcPX4CSp4I/neWHxZRvEf6MDnsdOnvY3++TtF0uvYJZKId9FYt3y/1I+NuQ+MZhTFBb+Yzmg==', N'test1', N'It is a good day.')
INSERT [dbo].[Users] ([Id], [Email], [Password], [Nickname], [StatusMessage]) VALUES (3, N'test2@primavera.net', N'bNtxfkJfbk+UD8323ccahW1v/PLPnksvALR27h9+0Yux6xz4+5RcSJJjrDp2nir9eMx/aKquLMUI5lpJ2xJG6w==', N'test2', N'Never say never.')
INSERT [dbo].[Users] ([Id], [Email], [Password], [Nickname], [StatusMessage]) VALUES (4, N'test3@primavera.net', N'YIxz6gD7QYJlLZEWA2s772VijN8Svi41krQXe+NCy6aq+AWgvZe8DBK/nAez4YGR/oZhyea4II1MB+t2AM1bUg==', N'test3', N'')
INSERT [dbo].[Users] ([Id], [Email], [Password], [Nickname], [StatusMessage]) VALUES (5, N'test4@primavera.net', N'kdqf2bkUmfm0ykFd7hDtjHkMU/r5nz47B1HanqBSTMm2Sb7bHYsHgydE8zMjUVZ1zCJijvZ506npG2jF1rudug==', N'test4', N'It''s so cloudy :(')
INSERT [dbo].[Users] ([Id], [Email], [Password], [Nickname], [StatusMessage]) VALUES (6, N'test5@primavera.net', N'vFGi3hMwRTkWFhND63+eg1YjeLHmMatPLpEJr5IRSKK/VjZw3xwYyhcju57LuGenkBaCyRFmdf79HX9xx2GNTA==', N'test5', N'')
INSERT [dbo].[Users] ([Id], [Email], [Password], [Nickname], [StatusMessage]) VALUES (7, N'test6@primavera.net', N'9gvqr8VvI5f5D3iKAKYd5/++0mq1G+2SSNZd/jItBybEI5ydsDNcOmFH/Wsga++gnJQcKNe2IOu+MhkyEb0K6Q==', N'test6', N'I am a hero!')
INSERT [dbo].[Users] ([Id], [Email], [Password], [Nickname], [StatusMessage]) VALUES (8, N'test7@primavera.net', N'nKfIFb0pw/GObdGJXjJW+mHazy7DigXJhueN1gx9Dn1d3Y8uBCiPM50P5k1x6kfxfgfdvtArfANyq0RRXT40qg==', N'test7', N'Kill all feeders!')
SET IDENTITY_INSERT [dbo].[Users] OFF
SET IDENTITY_INSERT [dbo].[UsersRoles] ON 

INSERT [dbo].[UsersRoles] ([Id], [RoleId], [UserId]) VALUES (1, 1, 1)
INSERT [dbo].[UsersRoles] ([Id], [RoleId], [UserId]) VALUES (2, 2, 1)
INSERT [dbo].[UsersRoles] ([Id], [RoleId], [UserId]) VALUES (3, 2, 2)
INSERT [dbo].[UsersRoles] ([Id], [RoleId], [UserId]) VALUES (4, 2, 3)
INSERT [dbo].[UsersRoles] ([Id], [RoleId], [UserId]) VALUES (5, 2, 4)
INSERT [dbo].[UsersRoles] ([Id], [RoleId], [UserId]) VALUES (6, 2, 5)
INSERT [dbo].[UsersRoles] ([Id], [RoleId], [UserId]) VALUES (7, 2, 6)
INSERT [dbo].[UsersRoles] ([Id], [RoleId], [UserId]) VALUES (8, 2, 7)
INSERT [dbo].[UsersRoles] ([Id], [RoleId], [UserId]) VALUES (9, 2, 8)
SET IDENTITY_INSERT [dbo].[UsersRoles] OFF
ALTER TABLE [dbo].[UsersRoles]  WITH CHECK ADD  CONSTRAINT [FK_dbo.UsersRoles_dbo.Roles_RoleId] FOREIGN KEY([RoleId])
REFERENCES [dbo].[Roles] ([Id])
ON DELETE CASCADE
GO
ALTER TABLE [dbo].[UsersRoles] CHECK CONSTRAINT [FK_dbo.UsersRoles_dbo.Roles_RoleId]
GO
ALTER TABLE [dbo].[UsersRoles]  WITH CHECK ADD  CONSTRAINT [FK_dbo.UsersRoles_dbo.Users_UserId] FOREIGN KEY([UserId])
REFERENCES [dbo].[Users] ([Id])
ON DELETE CASCADE
GO
ALTER TABLE [dbo].[UsersRoles] CHECK CONSTRAINT [FK_dbo.UsersRoles_dbo.Users_UserId]
GO
